{"smoke": {"precision": 0.509940505027771, "recall": 0.6442723870277405, "f1_score": 0.5433250069618225}, "fire": {"precision": 0.7873483300209045, "recall": 0.7042105793952942, "f1_score": 0.7157673239707947}}