{"smoke": {"precision": 0.6246433258056641, "recall": 0.5379955172538757, "f1_score": 0.5502129197120667}, "fire": {"precision": 0.811223566532135, "recall": 0.6552574634552002, "f1_score": 0.6982511281967163}}